{
    "goal_position": {
        "x": 1.6,
        "y": -0.1
    },
    "map_aabb": [
        -0.344781,
        2.017419,
        -0.316481,
        1.893319
    ],
    "obstacles": [
        [
            0.837701,
            1.982873,
            -0.315829,
            -0.280679
        ],
        [
            -0.344781,
            -0.306692,
            -0.310488,
            0.791355
        ],
        [
            -0.342033,
            -0.304024,
            0.791478,
            1.893319
        ],
        [
            1.980555,
            2.017419,
            0.783778,
            1.885585
        ],
        [
            -0.308074,
            0.837161,
            -0.314758,
            -0.277626
        ],
        [
            1.969657,
            2.016204,
            -0.316481,
            0.785577
        ],
        [
            -0.303533,
            0.841707,
            1.854832,
            1.892141
        ],
        [
            0.839601,
            1.984842,
            1.852179,
            1.889488
        ],
        [
            -0.304,
            1.2,
            1.25,
            1.287
        ],
        [
            1.2,
            1.237,
            0.75,
            1.25
        ],
        [
            0.48,
            2.017,
            0.293,
            0.33
        ],
        [
            0.443,
            0.48,
            0.33,
            0.83
        ]
    ]
}
